company_name,_id
''a and i's'' kanadai kft.,1
millennium ovi kft.,1
mille-case kft.,1
milano nyílászáró kft.,1
miksa és társa kft.,1
mikrosport kft.,1
mikropakk kft,1
migép kft.,1
michelin hungária abroncsgyártó kft.,1
mfb magyar fejlesztési bank zrt.,1
mey industry hungary kft.,1
metyx hungary kft.,1
mettler-toledo kft.,1
metróvas kft.,1
metripond-m 93 kft.,1
metlife inc.,1
meteor cee kft.,1
metalelektro méréstechnika kft.,1
metalcom távközlési és rendszerintegrációs zrt.,1
metal-union kft.,1
messer hungarogáz kft.,1
merkantil bank zrt.,1
millerius kft.,1
mineradoro kft.,1
mini mobili kft.,1
minicopy.hu bt.,1
momál kft.,1
molnár agency kft.,1
molekuláris- ujjlenyomat kutató központ nonprofit kft.,1
mol-pe circular economy science park nonprofit zrt.,1
mol petrolkémia zrt.,1
mogyoróssy autókereskedelmi kft.,1
mod zrt.,1
mobilan bútor,1
mobil petrol - mph power zrt.,1
mobil palota kft.,1
mercure hotel wien westbahnhof,1
mns védelem kft.,1
mm szolnok,1
mm békéscsaba,1
mlsz edzőcentrum kft.,1
mizutori kft.,1
mizsetáp kft.,1
mixpakk kft.,1
mirehu nonprofit kft.,1
mirage immobile kft.,1
mipa coatings kft.,1
minimal ceramic kft.,1
mmg hotels kft.,1
mondelez,1
mercedes-benz manufact. hungary kft,1
mellow mood hungary kft.,1
magyar posta biztosító zrt.,1
magyar nemzeti vagyonkezelő zrt.,1
magyar nemzeti bank,1
magyar közúti fuvarozók egyesülete,1
magyar kéménygyártó kft.,1
magyar faktorház zrt.,1
madách színház nonprofit kft.,1
mada - hús kft.,1
mad-hotel és iroda kft.,1
m15 restaurant kft,1
m-rtl zrt.,1
löwen hotel montafon,1
láng kft.,1
"lvd s3, a.s.",1
luzso car kft.,1
lupart kft.,1
lucy wang ischgl,1
lotte global logistics (germany) gmbh magyarországi fióktelepe,1
lorinvest zrt.,1
lora beauty kft.,1
loisium hotel & weinwelt langenlois,1
magyar pénzverő zrt.,1
magyar ökumenikus segélyszervezet,1
magyarmet kft.,1
magyarországi református egyház bethesda gyermekkórháza,1
mektec manufacturing corporation europe hu kft.,1
medoc üzleti szolgáltató kft.,1
medialog-dmhm logisztikai zrt.,1
media markt saturn holding mo. kft.,1
mc-bauchemie kft.,1
mbm gumi hungary kft.,1
mbit consulting kft.,1
mavir zrt.,1
matusz-vad zrt.,1
matrac profi kft.,1
meló-depó 2000. szövetkezet,1
maternity magánklinika kft.,1
margoptik kft,1
marek humánerőforrás kft.,1
marche kft.,1
manual hungary kft,1
mann+hummel jack filter kft.,1
mangia e bevi kft.,1
makronóm közhasznú nonprofit kft.,1
makit kft,1
major kft.,1
maierl alm & chalets,1
marischka kft.,1
logmein kft.,1
mondi resort am grundlsee,1
moonrise kft.,1
omega pharma hungary kft.,1
omco hungary kft.,1
oktotrade kft,1
oh my green,1
ogyéi,1
oberbank ag magyarországi fióktelep,1
német-magyar kamara,1
nádor rendszerház kft.,1
nzrt-trade kft.,1
nutriversum kft.,1
nt kft.,1
novotel budapest city,1
novochem kft.,1
nordtek imexco kft.,1
noptiker kft.,1
no limit logistics kft.,1
no fluff jobs sp. z.o.o.,1
nmhh nemzeti média- és hírközlés hatóság,1
ni hungary kft.,1
next auto kft.,1
new wave service kft.,1
omixon biocomputing kft.,1
omnit solutions kft.,1
onduline kft.,1
oney magyarország zrt.,1
pallas athéné könyvkiadó kft.,1
palais coburg residenz 5*s,1
pack-technik zrt.,1
p.m.r. kft.,1
p&p pékáru kft.,1
ozirisz kft.,1
otto fuchs hungary kft.,1
otthon 13 kft. - otthon centrum,1
otp jelzálogbank zrt,1
otp immobilienverwertung gmbh,1
netrisk magyarország első online biztosítási alkusz kft.,1
orthosera medical zrt.,1
orion elektronikai kft.,1
orink hungary kft.,1
ordensklinikum linz gmbh,1
orbico hungary kft.,1
optimum facility services kft.,1
optibalance hungary kft,1
open doors kft,1
onlinemárkabolt magyarország kft.,1
online pszichológia kft.,1
ongropack kft. (miskolc),1
országos vízügyi főigazgatóság,1
monett 2008 kft.,1
nesler kft.,1
nemzetközi gyermekmentő szolg.m.e.,1
myad marketing kft,1
mvm ügyfélkapcsolati kft.,1
mvm zrt.,1
mvm nukleáris karbantartó zrt.,1
mvm főgáz földgázhálózati kft.,1
music merchant kft,1
musashi hungary ipari kft.,1
murexin kft.,1
multicom contact kft.,1
multi evox bt.,1
mtva,1
msci kft.,1
mrp consult gmbh,1
mrg kft.,1
mpt security zrt.,1
mozaik kft.,1
motor-classic zrt.,1
motel one wien-westbahnhof,1
motel one wien-hauptbahnhof,1
most mint kft.,1
morgan hungary kft.,1
mylan hungary kft,1
mylan hungary kft.,1
myplace premium apartments,1
mystery hotel budapest,1
nemzeti útdíjfizetési szolgáltató zrt.,1
nemzeti védelmi szolgálat,1
nemzeti földügyi központ,1
nemzeti filmintézet közhasznú nonprofit zrt.,1
nemzeti emlékezet bizottságának hivatala,1
nemo pack kft.,1
nemara gold kft,1
nch hungary kft.,1
navidad kft.,1
naturweb kft.,1
neroli beauty kft,1
naturhotel forsthofgut,1
nap mint nap-go kft.,1
nagyhegyesi takarmány kft.,1
nagyfény bt.,1
nagyerdei kultúrpark nonprofit kft.,1
nagisz zrt.,1
müller - transporte s.r.o.,1
mü-gu-kft.,1
mömax,1
máv szolgáltató központ zrt.,1
máv fkg kft.,1
natureland zrt.,1
pallet solution kft.,1
lizi london kft.,1
linser industrie service hungary kft.,1
implant és esztétikai center kft,1
impextel 2005 kft.,1
immo-land kft.,1
ifa alpenhof wildental hotel,1
idrinks.hu italkereskedés,1
idealbody kft.,1
ict európa finance zrt.,1
icon real estate management kft.,1
ibis styles wien messe prater,1
ibis styles klagenfurt,1
ibd magyarország kft.,1
i.t. magyar cinema kft.,1
i-real kft.,1
húsház hungary kft.,1
höflehner****superior natur- und wellnesshotel,1
hódtrans kft,1
hírös gasztro kereskedelmi és szolgáltató kft.,1
hymato products kft.,1
hydro extrusion hungary kft.,1
hunicorn zrt,1
hungast vital kft.,1
indigó trafik bt,1
inductor kft.,1
industrial technologies kft.,1
infomix kft.,1
itsecure kft.,1
iteam holding zrt.,1
ital magyarország kft.,1
itag-ökolex zrt.,1
istenhegyi géndiagnosztika,1
isi automotive hungary kft.,1
isg international executive consulting kft.,1
iqvia solutions services kft.,1
ipr-insights hungary kft.,1
ipoly-rákóczi kft.,1
hungary musashi kft.,1
iplus magyarország kft.,1
inzi controls hungary kft.,1
invitech ict services kft.,1
intrum zrt.,1
intren kft.,1
interfood-europa kft,1
interfood & pharma kft.,1
interalpen-hotel tyrol,1
inter-mix kft.,1
innio,1
ingatlan.com zrt.,1
ionto-comed hungária kft.,1
ivalis austria gmbh,1
hungarocontrol zrt.,1
humán centrum kft.,1
hotel nidum,1
hotel neuhaus,1
hotel josefshof am rathaus,1
hotel gut brandlhof,1
hotel gösserbräu wels,1
hotel gletscherblick,1
hotel erzberg,1
hotel der bär,1
hotel auenhof,1
hotel alte post,1
horváth cukrászda kft.,1
hopi hungária logisztikai kft.,1
holiday inn vienna south,1
hofstädter floor interior kft.,1
hobbigyár kft.,1
"ho-máhr trans fuvarozási, szállítmányozási és kereskedelmi kft.",1
hmei zrt.,1
hill international kft.,1
highcosm bt.,1
hermész-soft kft.,1
herceghalmi kereskedőház kft.,1
hotel panorama alpin****,1
hotel pauls,1
hotel pirchnerhof,1
"hotel rathauspark wien, a member of radisson individuals",1
human priority kft.,1
human & medicwork consulting kft.,1
huber's boutiquehotel,1
htns hungary kft.,1
htm pékség kft.,1
hssc szolgáltató központ kft.,1
hsmk kft,1
hsg consulting kft.,1
hsa recruitment kft.,1
hrt spedition kft.,1
humán telex advertising kft.,1
hr-rent kft,1
hotel tannenhof,1
hotel singer **** superior relais & châteaux,1
hotel silbertal,1
hotel seven,1
hotel seespitz,1
hotel schütterhof,1
hotel rum kft.,1
hotel royal,1
hotel riedl,1
hotel residenz hochland,1
house36 ingatlanbázis kft.,1
lisi family hotel,1
j.s. logistics kft.,1
jo&joe vienna,1
kísérleti orvostudományi kutatóintézet,1
kész ipari gyártó kft.,1
képdoktor kft.,1
kálvin jános református idősek otthona,1
kádár hungary kft.,1
kádár consulting kft.,1
kyäni hungary kft.,1
kyo consulting kft.,1
kvant zrt.,1
kutya-segélyszolgálat alapítvány,1
kuhotel by rilano,1
ksh rugógyár bt.,1
krupp és társa kft.,1
krones hungary kft.,1
kreatív-italia bt.,1
kranservice zrt.,1
kovács lászló e.v.,1
kovács józsef e.v.,1
kopint-datorg kft.,1
kopfstart gmbh,1
konkoly electro kft.,1
költözzma kft.,1
könig kft.,1
könyvelőiroda,1
közép-pesti tankerületi központ,1
lindt & sprüngli (cee) s.r.o. magyarországi fióktelepe,1
lindström kft.,1
limegift zrt.,1
liegl & dachser asl hungary kft.,1
lic - 2000 kft.,1
lh accounting & financial kft.,1
leyland hsp hungary kft.,1
leier monolit kft.,1
lecsó & csülök kft.,1
leadec kft.,1
konica minolta magyarország kft.,1
lcd szerviz kft.,1
laterex építő zrt,1
lashka gastro kft.,1
langkawi kft.,1
laminar bau kft.,1
lafritte kft.,1
la prairie group ag,1
kőröstej kft.,1
kőházy-tradíció kft.,1
kühne vasöntöde kft.,1
kühne + nagel kft.,1
laurel számítástechnikai kft.,1
jamie oliver’s italian,1
kongsberg interior systems kft.,1
kondorosi corner zrt.,1
kapu-centrum kft.,1
kaptár emberi erőforrás menedzsment kft.,1
kalydi kft.,1
kalle hungaria kft.,1
kall ingredients kft.,1
k&w steel product kft.,1
k&h alapkezelő zrt.,1
k + r kft.,1
k & k family kft.,1
józsefvárosi gazdálkodási központ zrt.,1
jázmin fodrászkellék kft.,1
jávorszky ödön kórház,1
jászkisér város önkormányzata,1
jász-plasztik kft.,1
jász-plasztik autócentrum kft.,1
jász-land ingatlan- és hitelközvetítő kft. - otthon centrum,1
jv europe zrt.,1
juta óra ékszer kft.,1
justice security kft.,1
junkerwerk linder gmbh. + co.kg. magyarországi fióktelepe,1
jobsgarden,1
karrierjob.hu,1
katedra nyelviskola kft.,1
kaufland dienstleistung gmbh & co. kg,1
kavi-pro trade kft.,1
komplex média kft.,1
kompel kft,1
komax thonauer kft,1
knipping automotive kft,1
knauf industries hungary csomagolástechnika korlátolt felelősségű társaság,1
kiving kft.,1
kitchen shop hungary kft.,1
kiss épületgépész kft.,1
kischemicals kft.,1
kingspan kft,1
konecranes kft.,1
kiel kft.,1
kgb group kft.,1
keskeny nyomda,1
keringatlan kft.,1
ken carpathia kft.,1
kempinski hotel budapest zrt.,1
kelevill-fz kft.,1
keler zrt.,1
kelemen róbert e.v.,1
kbc securities magyarországi fióktelepe,1
kb network kft.,1
khaleesi kontroll könyvelő kft.,1
pamutboyz kft.,1
pannon antenna kft.,1
pannon kincstár kft.,1
treszner kft.,1
tressidus kft.,1
tresorit kft.,1
trendo invest kft.,1
translegal uk ltd,1
trans asia courier kft.,1
toyota sakura kft.,1
toyo ink hungary kft.,1
toyo ink hungary kft,1
totál lux kft.,1
toto truck szerviz kft.,1
totalenergies marketing hungary kft,1
toray industries hungary kft.,1
top line hungary,1
tools world hungary kft.,1
toner pláza kft,1
tona hungary kft.,1
tolnatej zrt.,1
tmk-szerviz kft.,1
tmf magyarország kft,1
tm zrt.,1
triad real estate kft.,1
triarco kft.,1
trimex b.t.,1
trimex trade kft.,1
univelit kft.,1
unit trade kereskedelmi kft.,1
uniszol-létesítménygazdálkodási zrt.,1
uniper hungary kft.,1
unione-clark kft.,1
uni-fm kft.,1
ud praktika nonprofit kft.,1
tündérkert trading kft,1
török kft.,1
tököli országos büntetés-végrehajtási intézet,1
tiszamenti regionális vízművek zrt.,1
tóth & tóth bt.,1
tytoo body art korlátolt felelősségű társaság,1
tungaloy hungary kft.,1
trxcom kft.,1
trummer kft.,1
trueline kft.,1
trió konyha és bor kft.,1
trivium packaging b.v.,1
triumph international budapest kereskedelmi kft.,1
tripolisz kft,1
trinity gasztronómia kft.,1
tzmo hungary kft.,1
univer-coop zrt.,1
tirrier kft.,1
tipographic kft.,1
tatár pékség kft.,1
target media sales kft.,1
taravis kft.,1
tama hungary kft.,1
takép-immo kft.,1
taktatrans kft.,1
színház- és filmművészeti egyetem,1
szépvölgyi pékség,1
szépművészeti múzeum,1
szombathelyi parkfenntartási kft.,1
szollak kft.,1
szintetika kft.,1
szinergia kft.,1
sziltop oktatási nonprofit közhasznú korlátolt felelősségű társaság,1
szervízpark kft.,1
szerviz-trade kft.,1
szerelvénybolt kft.,1
szeplast zrt.,1
szentkirályi magyarország kft.,1
szarka sándor ev,1
szakértő kft.,1
taxbi kft.,1
tdk hungary components kft.,1
tech-con hungária kft.,1
techoffice solution kft.,1
timeteam hungary bt.,1
tim-x group professional kft.,1
tigra kft.,1
tiger stores hungary zrt.,1
thyssenkrupp materials hungary,1
thurnher´s alpenhof,1
thomas duvenbeck immobilien invest kft.,1
thermo csillag bt.,1
therefore corporation gmbh,1
the penz hotel,1
tipton global kft.,1
thalesnano zrt.,1
tettye forrásház zrt.,1
testőr kft.,1
testo kft.,1
tendler baut kft,1
ten pao electronics hungary kft.,1
telemedia holding kft.,1
telemarketing international kft.,1
telemarketing international kft,1
teka magyarország zrt.,1
teilor hungary kft.,1
textrade kft.,1
system building kft.,1
univerz holding zrt,1
usv kft.,1
woss kft.,1
woco kft,1
wkw hungaria kft.,1
wizz air hungary zrt.,1
wini security kft.,1
wing zrt.,1
wildkogel resorts,1
whc personal személyzeti szolgáltató kft.,1
weszti kft.,1
westend ingatlanhaszn.üzemelt.kft.,1
west end szállodaüzemeltető kft.,1
weshop kft,1
weir minerals hungary kft.,1
websupport magyarország kft.,1
webpredict kft,1
webjogsi kmr autósiskola zrt.,1
wayet service kft,1
warema pt hungary kft.,1
wallis motor duna autókereskedelmi kft.,1
waldon tanácsadó kft.,1
wahl hungária kft.,1
wyndham grand salzburg conference centre,1
wyser search hungary kft.,1
wáberer medical center kft.,1
xellia gyógyszervegyészeti kft.,1
újház centrum elágazás kft.,1
új világ nonprofit szolgáltató kft.,1
óbudai egyetem,1
érd és térsége víziközmű kft.,1
éltex kft.,1
áron ház kft.,1
ár-la magyarország kft.,1
állatorvostudományi kutatóintézet,1
zöldikék zrt.,1
zöld út fuvarozó és szolgáltató korlátolt felelosségu társaság,1
wagner solar hungária kft.,1
zöld követ egyesület,1
zott hungaria kft.,1
zentiva pharma kft.,1
zelton bt. - party világ,1
zala plazma kft.,1
z-tech bike kft.,1
z&z biztonságtechnika kft.,1
yoo wc kft.,1
yarus trade kft.,1
yageo europe kft.,1
xylem water solutions kft.,1
zsidai group kft.,1
ups healthcare hungary zrt.,1
wae kft.,1
w&k gesellschaft für industrietechnik mbh,1
viapan group,1
via salina hotel am see,1
vgd hungary audit kft.,1
vg komarom kft.,1
versalis international sa magyarországi fióktelepe,1
ventor kft.,1
ventona-trans kft.,1
ventiszol kft.,1
vectra-line plus kft.,1
vector kft.,1
veco kft.,1
vb2mw korlátolt felelősségű társaság,1
vasivíz zrt.,1
vart-speciál kft.,1
vap magyarország kft.,1
van leeuwen hungary kft.,1
vamav vasúti berendezések kft.,1
vahu trans kft.,1
v.v.gép kft.,1
uzoni roland tamás e.v,1
utt europe kft.,1
viasale travel s.l,1
viasale travel s.l. magyarországi kereskedelmi képviselete,1
videoton autóelektronika kft.,1
videoton eas kft.,1
vértesker gépker kft.,1
vértes-ker.kft.,1
várda-drink zrt.,1
váci szakképzési centrum,1
vtm-plusz kft,1
vtl design kft.,1
vt metal kft.,1
vpp magyarország zrt.,1
volánpack zrt.,1
volánbusz közlekedési zrt.,1
wacker neuson építőgépek hungária kft.,1
vnt metal hungary kft.,1
viterra növényolajgyártó kft.,1
vitasyst europe kft.,1
vitaminsziget kft. - szepitogepek,1
vitaminkosár kft.,1
vitamin szalon kft.,1
vision smt kft.,1
villányi dent bt.,1
villabörze kft. - otthon centrum,1
villa rosa nonprofit közhasznú kft.,1
vilati szerelő zrt.,1
vitesco technologies,1
sysdata pse kft.,1
sysco-lux kft.,1
swepro kft.,1
realtherm kft.,1
rand technology europe kft.,1
rampf formen kft.,1
rail cargo logistics - hungaria kft.,1
rackforest kft.,1
rabomatik ip. aut. kft.,1
raben trans european hungary kft.,1
r-carnet service kft.,1
quant service hungary kft.,1
quami kft.,1
pénzjegynyomda zrt.,1
pázmány péter katolikus egyetem,1
pápai víz- és csatornamű zrt.,1
pult könyvterjesztő és kereskedelmi kft.,1
pulsar gmbh,1
prop-r-team kft.,1
progressive bex kft.,1
program centrum kft.,1
profident fogászati centrum,1
procter&gamble/hyginett kft. (csömör),1
pro sport agent kft.,1
recskó richárd ev,1
red bull hungária kft.,1
refael taragan hungary kft.,1
reif 2000 kft.,1
rosenberger automotive cabling kft.,1
rondo hullámkartongyártó kft.,1
rollkon kft.,1
roller gate kft.,1
roland divatház zrt.,1
rocky kft.,1
rock safety kft,1
roche szolgáltató (európa) kft.,1
robertson property management zrt.,1
rks kft.,1
pro sales team kft.,1
riverfront investment kft.,1
risk könyvvizsgáló kft.,1
ripca kft.,1
rhodius magyarország kft.,1
reálszisztéma autókereskedelmi kft.,1
reál hungária élelmiszer kft.,1
rewe international dienstleistungs gmbh,1
restore electronic kft.,1
restaurant ker kft.,1
replant 4 care kft.,1
rena projekt kft.,1
ritz mérőtranszformátor kft.,1
rotapack zrt.,1
printy class kft.,1
print produkció kft.,1
phytotec hungária bt.,1
phlegon kft.,1
phils place management gmbh,1
pharmaroad kft,1
pfeifer-garant kft.,1
petőfi kulturális ügynökség nonprofit zrt.,1
petrányi-autó kft.,1
petrolszolg karbantartó és szolgáltató kft.,1
petik kft.,1
petchef hungary kft.,1
pernix pharma gyógyszergyártó korlátolt felelősségű társaság,1
pemü zrt.,1
pedrano commercial kft.,1
pec central europe,1
pce pelleting consumables europe kft.,1
paul művek kft.,1
pasco kft,1
parcel port kft.,1
pappas auto magyarország kft.,1
pantone world kft.,1
pannonway kft.,1
piedl-ker kft.,1
piko-pet food kft.,1
piramis építőház kft.,1
pirex-98 kft.,1
print pro group nyomdaipari kft.,1
prime home kft,1
primajob kft.,1
prima panir kft,1
prim-audit 2005 kft.,1
previa kft.,1
prettl electronics hungary kft.,1
president management kft.,1
prenor kertészeti és parképítő kft.,1
premier g. med cardio kft,1
printpix nyomda,1
prekog alfa kft.,1
post family resort,1
porto-group kft.,1
porsche ingatlankezelő kft.,1
polyax kft.,1
polon-alfa magyarország kft.,1
polikov kft.,1
polgárdi polgármesteri hivatal,1
polgár és tichy-rács végrehajtói iroda,1
plasmatech vágástechnika kft.,1
planradar gmbh,1
power belt kft,1
roto elzett vasalatkereskedelmi kft,1
roust hungary kft,1
rowanhill digital kft.,1
spíler original,1
sporthotel xander,1
sporthotel steffisalp,1
spesys kft.,1
spenglerfox limited mo ft.,1
spatrend kft.,1
sos electronic kft.,1
sonova audiological care hungary kft.,1
sonic kft.,1
somivill flex kft.,1
solver unio kft.,1
solis ortus kft.,1
solid bcn kft.,1
soldent hungary kft.,1
solarkit hungary kft,1
softwarehouse kft.,1
sofidel hungary kft.,1
smt market kft,1
smoking acc. international kft.,1
slusszplussz kft,1
sixt g.m.b.h. wien süd,1
stabil produkt kft.,1
stadler magyarország kft.,1
stalltechnik-b service kft.,1
stanley electric hungary kft.,1
sweet and more kft.,1
swarovski hungary kft.,1
sw umwelttechnik magyarország kft.,1
suxess logistic hungary kft.,1
support services group europe zrt.,1
supp.li kft.,1
summadó-könyvelő kft.,1
sub city kft,1
styro-tex kft.,1
studio moderna 2000 tv-shop hungary kft.,1
sixt g.m.b.h.,1
streamnet zrt.,1
stratis kft.,1
strandhotel am weissensee,1
strabag általános építő kft.,1
strabag epitoipari zrt.,1
stock resort,1
stelius befektető zártkörűen működő részvénytársaság,1
steelvent zrt.,1
starters e-components generators automotive hungary kft.,1
start & go sped kft.,1
starjobs magyarország kft.,1
straumann gmbh magyarország,1
silvestris & szilas kft.,1
signal iduna biztosító zrt.,1
siemens mobility korlátolt felelősségű társaság,1
scheffau kft.,1
schawk hungary kft.,1
schakko restaurant,1
saubermacher-magyarország kft.,1
sap kft.,1
sans souci wien,1
sanmina-sci magyarország kft.,1
sanimix kft.,1
samsonite,1
samsic hungary kft.,1
schindler hungária kft.,1
salus-orthopedtechnika kft,1
sala-med kft.,1
saint-gobain hungary kft.,1
safram hungary zrt.,1
s.oliver üzlet / danadon üzletek kft.,1
révész trans kft.,1
rustler kft.,1
rustic 96 kft,1
royal canin hungary kft.,1
royal borház európa kft.,1
"roxy étterem vendéglátó, kereskedelmi és szolgáltató kft",1
saldo zrt.,1
hennlich ipartechnika kft.,1
schlosspark mauerbach resort & spa,1
schnaider polymetall kft.,1
siemens healthcare kft.,1
shoebox kft.,1
sho dining kft.,1
shiwaforce.com zrt.,1
shinwa magyarország precíziós kft.,1
shin-etsu polymer hungary kft.,1
shi-scalable kft,1
sheraton grand salzburg,1
senso-media zrt.,1
senit tervező kivitelező és szolgáltató kft.,1
schmidt+bender hungária kft.,1
semmelweis egyetem külső klinikai tömbigazgatósága,1
seelster beauty distribution srl,1
see you,1
sebestyén lángvágó kft.,1
sealed air magyarország kft.,1
se létesítmény-fejlesztési és üzemeltetési igazgatóság,1
se kontrolling igazgatóság,1
sda stúdió kft.,1
schorch hungária kft.,1
schnyder gear tool service europe kft.,1
schneider autóház kft.,1
semiconductor laser development kft.,1
helpers hungary kft.,1
kiener hungária kft.,1
őrmester nyrt.,1
beurer-hungaria kft.,1
első magyar pékpont-rendszer kft.,1
bihacker & partners kft.,1
elms informatikai zrt.,1
elite cosmetix kft.,1
bijó élelmiszer kft.,1
elte,1
bio-fungi kft.,1
electool beszerzési szolgáltató kft.,1
elco-power energiatermelő- és szolgáltató kft.,1
"el gaucho ""am rochusplatz""",1
bioco magyarország kft.,1
biogáz unió zrt.,1
egymisi bt.,1
electro-cord kft.,1
elte lippay györgy alapítvány,1
elter világítás kft.,1
beton technológia centrum kft.,1
engious kft.,1
beratung on tour personal- und managementberatung e.u.,1
berger & lohn,1
bergmann könyvelő iroda kft.,1
endo-plus-service kft.,1
en-co software zrt.,1
bergrestaurant bergrast,1
berner kft.,1
berény-vill kft.,1
emos hu kft.,1
besel&schwaeller kapcsolóberendezések kft.,1
best-tax kft.,1
emd endoszkóp műszer gyártó és kereskedelmi kft.,1
bestia,1
bestrent-hungary kft.,1
egyetemi fénymásolda és dokumentum centrum,1
eglo magyarország kft.,1
egis gyógyszergyár zrt,1
efott kft.,1
bonafarm – bábolna takarmány kft.,1
e-food kft.,1
bonag általános vállalkozási és építőipari korlátolt felelősségű társaság,1
boortmalt magyarország kft,1
dómvill szer kft.,1
bor és víz kft.,1
borgwarner hungary kft.,1
dél-alföldi média centrum kft.,1
borik property kft. - otthon centrum,1
borsodi sörgyár kft.,1
duoverzió kereskedelmi kft.,1
dunacorp faktorház zrt.,1
duna-dráva cement kft,1
borsodwood kft.,1
duna szálloda zrt.,1
bomba! energy drink kft.,1
englmayer hungária kft.,1
e-gyógyszer kft.,1
bodó galéria zrt.,1
edc debrecen nonprofit kft.,1
bioson kft.,1
bistum gurk - stift st. georgen am längsee,1
eco-cranes hungary kft.,1
eclipse automation hungary kft.,1
ebk-hungary kft.,1
bkv vasúti járműjavító kft.,1
eastmen human resources b.v. mkkk.,1
bl gasztro kft.,1
black care szolárium gyártó és forgalmazó kft.,1
black point kft.,1
blaha hotel szállodaüzemeltető kft.,1
bme üzemeltető és műszaki szolgáltató kft,1
bnp paribas cardif biztosító zrt.,1
e.on dél-dunántúli gázhálózati zrt.,1
e-géptár kft,1
beorol hu kft.,1
entegro technológiai kft.,1
entel műszaki fejlesztő kft.,1
b+n referencia zrt.,1
ba bao kft,1
backoffice team kft.,1
ezermester 24 kft. - szerviz24,1
baktria kft.,1
exelect hungary kft.,1
"balatonfüredi szent benedek gimnázium,technikum,szakképző iskola és kollégium",1
excont container kft.,1
exampled trading kft.,1
balatoni hajózási zrt.,1
bamax work kft.,1
eurots spedíció kft,1
bankmonitor kft.,1
basf hungária kft.,1
euroraptor tanácsadó iroda,1
f&r partner kft,1
basic collection kft.,1
az ingatlanos kft.,1
f-építő generál zrt.,1
familienresort ellmauhof,1
austrauto gmbh,1
austria trend hotel congress innsbruck,1
austria trend hotel doppio****,1
austria trend parkhotel schönbrunn,1
falk&ross group hungary kft.,1
auto palace buda kft.,1
auto president parts kft.,1
autócentrum szabó kft.,1
avmax rendszertechnika kft.,1
avon cosmetics hungary kft.,1
axing kft.,1
fakopáncs'92 kft.,1
fair befektetési kft.,1
axon pénzügyi és lízing zrt.,1
az flex kft.,1
duna papír kft.,1
europarcs hermagor-pressegger see,1
bau eins group kft.,1
essentra filter products kft.,1
bega bt.,1
erste group bank ag,1
belchim crop protection hungary kft.,1
erdőháti-pintér mónika e.v.,1
belden-duna kábel kft.,1
eps-connect international zrt.,1
epdb nyomtatási központ zrt.,1
epam systems kft.,1
eos faktor zrt.,1
envirotis zrt.,1
envikút kft.,1
bende autókontroll kft,1
enterprise communications magyarország kft,1
bentley magyarország kft.,1
essilor optika kft.,1
euronorm group builder kft.,1
eszat kft.,1
esztergomi közös önkormányzati hivatal,1
euromont kft.,1
eurofleet zrt.,1
euroaszfalt kft.,1
eurideas kft.,1
bau-trans kft,1
baucenter kft.,1
bauhaus szakáruházak bt.,1
bay zoltán alkalmazott kutatási közhasznú nonprofit kft.,1
bazsó bau egom kft.,1
eurasia logistics kft.,1
"baár-madas református gimnázium, általános iskola és kollégium",1
bdo magyarország,1
eu-fire kft.,1
"eszterháza kulturális, kutató- és fesztiválközpont közhasznú nonprofit kft.",1
"eszterháza kulturális, kutató- és",1
becom electronics hungary kft.,1
"fao of the un, ssc-budapest",1
bos magyarország bt.,1
duna autó zrt.,1
debreceni mechanikai művek kft.,1
debreceni irodarendszer kft.,1
de plano kft.,1
de lage landen finance zrt.,1
de dietrich s.a.s. magyarországi fióktelepe,1
chalet moeller,1
ceva logistics hungary kft.,1
charles river laboratories hungary kft.,1
hell energy magyarország kft.,1
db cargo hungária kft.,1
das naturhotel chesa valisa,1
das hotel eden,1
das glashaus – restaurant & bar,1
das edelweiss salzburg mountain resort,1
dbm kft,1
decoration & design kft.,1
defko sinter kft.,1
dekra akademie kft.,1
caravan travel kft.,1
carbopress (hungary) kft.,1
dentons réczicza ügyvédi iroda,1
cargorent kft.,1
deluxe mosoda kft.,1
deltaplast zrt.,1
deltaplast kereskedelmi és szolgáltató zrt.,1
cascade engineering europe kft.,1
castellum hotel hollókő,1
cba-újhegy kft.,1
cce hungary kft.,1
celli-festék kft.,1
central european transport kft.,1
delforg kft.,1
central railways a.s.,1
china railway electrification,1
danone tejtermék gyártó és forgalmazó kft.,1
dalma-sped 2004 kft,1
d.a.s. jogvédelmi biztosító zrt.,1
colonnade insurance s.a. magyarországi fióktelepe,1
columbus klímaértékesítő kft.,1
commoditas consulting kft.,1
comp-let party service kft.,1
compoffice-r kft.,1
corning hungary kft.,1
computer factory kft.,1
cordia management kft.,1
corden international /magyarország/ kft.,1
copyguru kft.,1
compuworx zrt .,1
concordia kft.,1
cool4u automotive kft.,1
consider könyvelő iroda kft.,1
controlsystem kft,1
cpi hotels hungary kft.,1
dermahelp kft.,1
cpi hungary kft.,1
coca-cola hbc magyarország kft.,1
ciklámen-tourist zrt.,1
cinext kft.,1
cégmenedzser szoftver kft.,1
cyclick kft.,1
city-form kft.,1
claessens kft,1
clearwater kft.,1
clinical research coordination kft.,1
co-op hungary zrt,1
csillag kft,1
coats magyarország kft.,1
csergő kft.,1
csavarker kft.,1
cropfood tész kft.,1
criterion készpénzlogisztikai kft.,1
creaveg zrt.,1
car service partner kft.,1
deufol hungary kft.,1
calzedonia hungary kft.,1
bubbles international zrt.,1
budai s. autoszerviz kft,1
dpd hungary kft.,1
dpc,1
budapest főváros x. kerület kőbányai polgármesteri hivatal,1
budapest gyógyfürdői és hévizei zrt.,1
budapest institute of banking zártkörűen működő részvénytársaság,1
door to door express kft.,1
domhotel kft.,1
dome facility services kft.,1
domborzat kft.,1
dodo hungary kft.,1
docler services kft.,1
do & co restaurants & catering ag,1
budapesti corvinus egyetem,1
dpf man service kft.,1
budapesti értéktőzsde zrt.,1
bs-ötscher kft.,1
dr. rose magánkórház kft,1
bourns alkatrészgyártó kft.,1
dtkh nonprofit kft.,1
dsv solutions hungary kft.,1
bph - british publishing house ltd,1
bpw-hungária kft.,1
bramac kft.,1
ds online network kft,1
drenik hungary kft.,1
brammer magyarország kft.,1
bravogroup rendszerház kft.,1
bravophone kft.,1
drees & sommer hungária kft.,1
bridgestone tatabánya kft.,1
brit-magyar oktatásért alapítvány,1
dr. ács és társa ügyvédi iroda,1
dr. bán gergely ügyvédi iroda,1
duna house franchise kft.,1
dlm solutions kft.,1
build it mérnökiroda kft.,1
dhl express magyarország kft.,1
devron impex kft.,1
deutsche telekom systems solutions hungary kft.,1
bástya millenium zrt.,1
békás kft,1
béres gyógyszergyár zrt.,1
bútor24 (monfix kft.),1
büki kft.,1
c-mobil kft.,1
c-vitamin clinic kft.,1
deutsche bank ag magyarországi fióktelepe,1
cad-terv mérnöki kft,1
caffé perfect kft.,1
café frei central europe korlátolt felelosségu társaság,1
café schwarzenberg,1
dhl freight magyarország kft.,1
bufab hungary kft.,1
by line kft.,1
dialogue creatives kft.,1
"dla piper posztl, nemescsói, györfi-tóth és társai ügyvédi iroda",1
bumet hungary kft.,1
diákhitel központ zrt.,1
divinet kft.,1
dimoneta kft.,1
diligent capital properties kft.,1
digitális kormányzati ügynökség zrt.,1
digitop informatika kft.,1
burger king®,1
business lease hungary kft.,1
diesel mobil kft,1
die hochkönigin mountain resort,1
diaverum hungary kft.,1
bv. holding kft.,1
diamond diagnostics inc. magyarországi fióktelepe,1
bxi ingatlanközvetítő kft. - otthon centrum,1
farmol hungary kft.,1
bara autóház kft,1
atotal insurtech kft.,1
gasthof fischer,1
gasztro szolgáltató kft.,1
gasztroszerviz vendéglátótechnikai kft.,1
gategroup hungary kft.,1
hajdú-bihar megyei kereskedelmi és iparkamara,1
hair-gallery kft.,1
hair shop hungary kft.,1
alaverdi kft.,1
ge hungary kft.,1
ge power,1
gebrüder weiss kft.,1
aki nonprofit kft.,1
haema plasma kft.,1
gem entertainment kft.,1
gene design kft.,1
generaholding zrt.,1
general capital kft.,1
general future holding zrt.,1
genertel biztosító zrt,1
akadémiai kiadó zrt.,1
genetica kft.,1
atra kecskemét kft.,1
ahc international kft.,1
agrotec magyarország kft.,1
agrosprint zrt.,1
geox hungary kft.,1
agrometry kft.,1
gerber hotels,1
agrobesz-team kft,1
gasthaus rieglwirt,1
gerd rodermund gmbh & co. kg,1
haldex hungary kft.,1
halmschlager trade zrt.,1
4 tölgyesi autójavító kft.,1
hapimag 2000 kft.,1
alpenresort schwarz,1
fémsajtoló kft.,1
förch kft.,1
főnix mmk nonprofit és közhasznú kft.,1
gulliver kft.,1
4-g consulting kft.,1
4flow,1
g'roby netshop kft.,1
g.v.holz kft. fakereskedés pécs,1
almanac hotels,1
gabler-mirelta hungária kft.,1
4n gasztronómia kft.,1
gallfood pulykafeldolgozó és értékesítő kft.,1
77 elektronika műszeripari kft.,1
allegro kft.,1
all- suite resort oetztal,1
ganz holding zrt.,1
aliaxis utilities & industry kft.,1
77 ing kft.,1
ganz-skoda electric zrt.,1
alföldi nyomda zrt.,1
alfleth magyarország kft.,1
garamvári szőlőbirtok kft.,1
_,1
a beton-viacolor térkő zrt.,1
aldiana club ampflwang,1
garantiqa hitelgarancia zrt.,1
ald automotive magyarország kft.,1
agro line kft.,1
gg tank kft.,1
hadron talent center kft.,1
grante zrt.,1
grantool kft.,1
adam transport services kft.,1
ada nova kft.,1
ada hungária kft.,1
gravic hungary kft.,1
ad vinum restaurant,1
gravitás-2000 kft.,1
ad solutions kft.,1
greensys electric kft.,1
ad plastik tisza kft.,1
ad auto total kft.,1
grintech kereskedelmi és szerviz kft.,1
gyúró ilona non-profit kft.,1
ach impex zrt.,1
abb kft.,1
accor hotelservices magyarország kft.,1
gyurasics kft.,1
abesse zrt.,1
grossauer „el gaucho“ steakhouse gmbh & co kg,1
access4you international kft.,1
grosshaus hungaria kft.,1
groupama biztosító zrt.,1
grundfos magyarország gyártó kft.,1
guru invest kft.,1
gsp global szerviz partner kft.,1
gtechniq magyarország – gál és társa kft.,1
ac hotel by marriott innsbruck,1
gtt-logistic solution kft.,1
adam-house innovatív kft.,1
"adecco kft. ( budapest 1, pp)",1
adecco kft. ( győr ),1
gramont kft.,1
agrikon alfa kft.,1
h2 hotel budapest,1
agrifirm magyarország zrt.,1
gigamatrac kft.,1
giro zrt.,1
h+ hotel wien,1
a table production kft.,1
afa kft.,1
global green europe kft.,1
glossing vendéglátó kft.,1
aerzen hungária kft.,1
a4 kft. mérnöki iroda,1
aeromatic repülőtér kft.,1
aegon hálózat,1
alphaset ker.kft.,1
gold-metró kft.,1
aegon befektetési alapkezelő zrt.,1
golden queen kft.,1
golden store profil kft.,1
goodevent kft.,1
adóbázis plussz kft.,1
adweko hungary kft.,1
gázmester 96 kft.,1
abb installációs készülékek kft.,1
gourmet hotel rote wand,1
győri szesz zrt.,1
gp-audit kft.,1
graboplast zrt.,1
győr-moson-sopron megyei büntetés-végrehajtási intézet,1
adverticum hirdetés-kiszolgáló és kereskedelmi zártkörűen működő részvénytársaság,1
golden ball club kft.,1
fámafirst kft.,1
alpenhotel kitzbühel am schwarzsee,1
arcotel kaiserwasser wien,1
arrivabus kft.,1
fine service kft.,1
first facility kft.,1
first solar kft,1
firstclients ac kft,1
hegedűs kft.,1
health and youth kft.,1
hcemm nonprofit kft.,1
firstphone kft.,1
argonsoft kft.,1
flamco kft.,1
hc delta kft.,1
areus zrt.,1
''parfümerie douglas'' kft,1
''provertha e. c.'' zrt.,1
flavorchem europe kft.,1
fleetplan kft.,1
flex time resort szolgáltató kft.,1
flexinform kft.,1
hard-concrete kft.,1
arany 6 ház kft.,1
arace kft.,1
fobutech component production kft,1
ar live systems ltd.,1
focus medical kft.,1
hausengel international magyarország kft,1
aquacomet kft.,1
''thermo épgép'' kft.,1
havi logistics kft.,1
finacont kft.,1
''kelet-trans 2000'' kft.,1
"arrow electronics, inc.",1
atos magyarország kft.,1
helita idegenforgalmi és szállodafenntartó kft.,1
''bige holding kft'',1
atlanticone incorporated kft.,1
heinemann testvérek kft.,1
astoria resort,1
fedex trade networks transport & brokerage (hungary) kft.,1
hegyvidéki sportcsarnok és sportközpont kft.,1
aston profession kft.,1
astellas,1
fehér gyűrű klub söröző bt.,1
fein7 stuonobach,1
assist-trend kft.,1
hegyvidéki sportcsarnok kft.,1
felföldi édességgyártó kft,1
''catone'' kft.,1
fer trans'96 kft.,1
fer-vill kft.,1
feralpi-hungária kft.,1
ferenczi épületgépészeti kft.,1
''fhl björn hungary'' kft.,1
ferro electronics kft.,1
asm security kft,1
hegymegi-barakonyi és társa ügyvédi iroda,1
hegyi építész kft.,1
asm assembly systems austria gmbh,1
arval magyarország kft.,1
ffb trade kft.,1
arsboni kft.,1
''tétény autóház'' kft,1
aps recovery hungary kft.,1
abroncs kereskedőház kft.,1
fox logistix kft,1
furniture1 kft.,1
furlab kft.,1
'ten-t' zrt.,1
harry’s home hotels & apartments,1
fort-bau zrt.,1
andaz vienna am belvedere,1
anda kft.,1
amada weld tech kft.,1
amgen kft.,1
appendini kft.,1
fruitisimo kft.,1
21 magyar vendéglő harlequin kft,1
fr management partnership c.v.,1
freudenberg sealing technologies kft.,1
frg mobile phone kft.,1
frieslandcampina hungária zrt.,1
24h parcel zrt.,1
friotech kft.,1
amari hungaria kft.,1
frix-y kft.,1
fsk l&s hungary szolgáltató kft.,1
harman professional kft.,1
fuchsegg,1
andreasagro skandináv zrt.,1
alternativ energy solution kft.,1
forever living products mo. kft.,1
apollonia dental center kft,1
fáber team kft.,1
hat-agro higiénia,1
focus-dental egészségügyi szolgáltató kft.,1
foldana kft,1
apokromát kft.,1
apfm-systems kft.,1
forestay development kft.,1
fáber kft.,1
''z + d'' kft.,1
forguest oktogon kft.,1
formel d magyarország kft.,1
amerikai nagykövetség (american embassy budapest),1
antolin hungary kft.,1
'axiál' kft.,1
hartmann-rico hungária kft.,1
futurpan mérnökiroda kft.,1
''ázsia'' bt.,1
wáberer hungária zrt.,2
capgemini magyarország kft.,2
chinoin zrt. / sanofi sbs,2
25hours hotel wien beim museumsquartier,2
psi cro,2
chs hungary kft.,2
renaissance wien hotel,2
provident pénzügyi zrt.,2
plazmacentrum kft.,2
prodiák iskolaszövetkezet,2
abraziv kft.,2
wessling hungary kft.,2
prím építő kft.,2
"észak-közép-budai centrum, új szent jános kórház és szakrendelő",2
proconsul kft.,2
prs plusz kft,2
profirent gépkölcsönző kft.,2
co-op star zrt.,2
poli-farbe vegyipari kft.,2
qtics group zrt,2
coats magyarország kft. (coats hungary ltd.),2
ceratizit magyarország kft.,2
cobra control kft.,2
q! hotel maria theresia kitzbühel,2
''remedios magyarország'' kft.,2
zhero hotel ischgl/kappl*****,2
cofidis magyarország,2
pre-tax kft.,2
rail cargo hungaria zrt.,2
cfr el gaucho im landhaus gmbh & co kg,2
ravien kft.,2
carmeuse hungária kft.,2
abacus medicine hungary kft.,2
ppg trilak kft.,2
zeitgeist vienna hauptbahnhof,2
casino win kft.,2
pos services kft.,2
állatorvostudományi egyetem,2
porsche biztosításközvetítő kft.,2
rekord nyílászáró dél kft.,2
remedios zrt.,2
wonderline europe zrt.,2
élelmiszerlánc- biztonsági centrum nonprofit kft.,2
pure resort ehrwald,2
remy automotive hungary kft.,2
wiki wiki poke,2
3dhistech kft.,2
airmax cargo budapest zrt.,2
wellness-hotel engel,2
szega camembert kft.,2
bdo mo. vagyonkezelő és szolg. kft.,2
system trade kft.,2
be light kft.,2
bebusch hungária kft.,2
synergy construction hungary kft.,2
swj engineering gmbh,2
apex kft.,2
antal kft.,2
belfry pe kft.,2
trumpf hungary kft.,2
ang engineering kft.,2
tungsram operations kft.,2
belváros-lipótváros vagyonkezelő zrt.,2
tura-terv kft.,2
bepro signfactory kft.,2
strabag építő kft.,2
tüv rheinland intercert kft.,2
bestbyte kft.,2
alukönigstahl kft.,2
stadler szolnok kft.,2
uniqa biztosító zrt.,2
unit trade kft.,2
szigeti & co. kft,2
trendency online zrt.,2
trend phone kft,2
trend center kft.,2
atrc aurigon kft.,2
atys-co kft,2
thyssenkrupp materials hungary zrt.,2
thomsn-alpine rock hotel,2
avalon park kft.,2
assa abloy opening solutions hungary kft.,2
tesco - ce,2
tennerhof gourmet & spa de charme hotel,2
teletál ételfutár kft,2
top-tyre kft.,2
b build & trade kft.,2
bhs trans kft.,2
ask-m kft,2
tatai környezetvédelmi zrt.,2
toyota central europe kft.,2
tapassio kft.,2
talentixx adria d.o.o.,2
training360 kft.,2
baptista szeretetszolgálat egyházi jogi személy,2
t-busz tatabányai közlekedési kft.,2
contact developments kft.,2
széchenyi istván egyetem,2
transcosmos kft,2
szombathelyi obvi,2
bakony ipari kerámia kft.,2
caola kozmetikai és háztartás vegyipari zrt.,2
united call centers kft.,2
sporthotel silvretta,2
bs-ötscher gmbh,2
schiller autóház kft.,2
viterra hungary kft.,2
schaeffler savaria kft.,2
aegon magyarország általános biztosító zrt.,2
vivamayr altaussee,2
budapest marriott hotel,2
budapesti gazdasági egyetem,2
budapesti operettszínház,2
salus orthopedtechnika kft.,2
salio kft.,2
vpp solar kft.,2
vrts trans kft.,2
bunzl magyarország kft.,2
s&t consulting hungary kft.,2
rsm hungary zrt.,2
aco kereskedelmi kft.,2
bábolna bio kft.,2
bálint és társai kft.,2
bányaköves gépmadár kft.,2
c&a mode kft.,2
weener plastic international east műanyagfeldolgozó kft.,2
rockets restaurant management gmbh,2
agc glass hungary kft.,2
vital-comp kft.,2
se etk gazdasági igazgatóság,2
viharflotta kft.,2
sporthotel fontana,2
sporthotel beck,2
uno reklám szolgáltató korlátolt felelősségű társaság,2
alpenresidenz ballunspitze****,2
sos-gyermekfalu magyarországi alapítványa,2
alois dallmayr automaten-service bt.,2
aloha informatika kft.,2
biopont kft.,2
sonima kft.,2
somogy megyei kormányhivatal,2
solymár-szalay kft.,2
unitrust zrt.,2
soloron 40 zrt.,2
aldiana club salzkammergut & grimmingtherme,2
blackrock hungary kft.,2
bme üzemeltető és műszaki szolgáltató kft.,2
alcon hungária kft.,2
albertfalvi kft,2
veolia energia magyarország zrt.,2
sick kft.,2
shs-építő kft.,2
"aktív ipari, építőipari és kereskedelmi korlátolt felelősségű társaság",2
shinheung sec eu kft.,2
viacom international hungary kft.,2
sol-light kft.,2
continental automotive hungary kft. - budapest,2
helloparks management korlátolt felelősségű társaság,2
lufthansa technik budapest kft.,2
log plasticon zrt.,2
máv-hév zrt.,2
hwest hotel hall in tirol,2
graphisoft se,2
eviron systems kft.,2
loxon solutions zrt.,2
mvm services zrt.,2
hódmezővásárhelyi tankerületi központ,2
lpp hungary kereskedelmi és szolgáltató kft.,2
grand hotel wien,2
lpp hungary kft.,2
mvm next energiakereskedelmi zrt.,2
mvm net zrt.,2
mvm démász áramhálózati kft.,2
mvm ceenergy zrt.,2
futurea creations kft,2
continental automotive hungary kft. budapest,2
multi job iskolaszövetkezet,2
luger kereskedelmi és szolgáltató korlátolt felelősségű társaság,2
lux hungária kft.,2
goodwill pharma kft.,2
idomsoft zrt.,2
ds smith packaging hungary kft.,2
hungerit zrt.,2
dsv hungária kft.,2
green fs informatikai zrt.,2
méh zrt.,2
newpush europe kft,2
hotel servus europa suben,2
new york palace,2
hotel tirol,2
hrcv kft.,2
lindab kft.,2
linde gáz magyarország zrt.,2
netlock kft.,2
mediagnost kft.,2
huawei technologies hungary kft.,2
eötvös loránd tudományegyetem,2
kerox kft.,2
digi kft.,2
naturland magyarország kft.,2
grossauer streets cafe gmbh,2
napra forgó nonprofit közhasznú zrt.,2
grob-werke gmbh & co. kg,2
ftl bistro kft.,2
katkics attila istván ev.,2
dms one zrt.,2
möbelix,2
mészáros autó javító kft.,2
karzol-trans kft,2
humánia hrs group zrt.,2
mp solutions,2
duda és csákó ügyvédi iroda,2
illés holding zrt.,2
eu-diákok iskolaszövetkezet,2
ecorgan kereskedelmi és tanácsadó kft.,2
k-power netherlands kft.,2
fém-művek kisbér kft.,2
fémalk zrt.,2
midio hungary kft.,2
egészségügyi szolgáltató zrt.,2
főtaxi zrt.,2
metro österreich,2
invia.hu kft.,2
irmák nonprofit kft.,2
iron mountain magyarország kft.,2
első fedezetkezelő zrt.,2
it services hungary kft.,2
itl group kft.,2
juszt optika kft.,2
emil frey magyarország kft.,2
masped logisztika kft.,2
galvanize nutrition kft.,2
jasmin ssc kft.,2
max-magyar kft.,2
job személyzeti tanácsadó kft.,2
jobcapital kft.,2
magyar műszaki és közlekedési múzeum,2
k.m.h. print kft,2
ecoeline zrt.,2
kambing trade s. r. o.,2
duna takarék bank zrt.,2
momentin hungary kft.,2
magtár termeltető kereskedelmi kft.,2
fizetési pont kft.,2
díjbeszedő holding zrt.,2
magyar agrár- és élettudományi egyetem,2
mol gbs magyarország kft.,2
mohr life resort,2
moholy-nagy művészeti egyetem,2
modell & hobby kft.,2
imperial tobacco magyarország kft.,2
deutsche telekom it & telecommunications,2
glamour distribution cosmetics kft.,2
magyar halászbástya kft.,2
e.on energiamegoldások korlátolt felelősségű társaság,2
e.on gazdasági szolgáltató kft.,2
info-szolg kft.,2
mkk magyar követeléskezelő zrt.,2
giant hungary kft.,2
magyar kajak-kenu szövetség,2
e2 hungary zrt.,2
initon kft.,2
inter cars hungária kft.,2
eubility group kft.,2
e.on digital technology hungary kft.,2
next-consulting kft.,2
gránit bank zrt.,2
energotest kft.,2
hotel bergblick tirol 4**** superior,2
hotel birkenhöhe,2
fgsz földgázszállító zrt.,2
"hotel bristol vienna, a luxury collection hotel",2
hotel das walchsee,2
országos vérellátó szolgálat,2
familien natur resort moar gut,2
nfp nonprofit kft.,2
fiege kft.,2
pepper-collection gmbh,2
focus work kft.,2
dc bau invest kft.,2
hotel erzherzog johann,2
opinion builders kft.,2
pepperl+fuchs kft.,2
open ways hungary kft.,2
covalen,2
dcs-bau kft.,2
oncotherm kft.,2
hotel ferienglück ischgl,2
hotel gurglhof,2
daniella kft.,2
közti zrt.,2
flame spray hungary kft.,2
hidropress kft.,2
fejér-b.á.l. zrt.,2
parsa beauty trading kft.,2
fehrer hungaria kft.,2
hilti (hungária) kft.,2
criterion biztonságtechnikai zrt.,2
hilton vienna,2
ctdi kft.,2
palmiye hungary kft.,2
l.a.c. holding zrt.,2
lactalis hungária kft.,2
creative solution international kft.,2
hilltop neszmély zrt.,2
laki zrt.,2
packeta hungary kft.,2
hora hungary kft.,2
hotel alpenblick,2
ferro-net kft,2
cpi hotels europeum kft.,2
landhotel post ebensee***s,2
hotel am stephansplatz,2
laterex építő zrt.,2
laurastar hungary kft.,2
falkensteiner hotel cristallo,2
kollmax kereskedelmi kft.,2
nyír-lift kft.,2
nyilas gsm kft.,2
kws saat se & co. kgaa,2
kifli.hu shop kft.,2
lenovo global technology hungary kft.,2
cooling hungary kft.,2
normafa közhasznú nonprofit kft.,2
lesaffre magyarország kft.,2
fakultás fm zrt.,2
"der lärchenhof, familie unterrainer",2
pharmahungary 2000 kft.,2
nng kft.,2
pharmainvest zrt.,2
liebherr-építőipari gépek magyarország kft.,2
nivelco zrt.,2
nitrogénművek zrt.,2
nitro communications kft.,2
contsoft ssc kft.,2
nissho hungary kft.,2
liegl & dachser logisztikai kft.,2
contitech magyarország kft.,2
nibur-bau kft.,2
kik textil és non-food kft.,2
güntner-tata hűtőtechnika kft.,2
kész holding zrt.,2
hotel montana,2
legfőbb ügyészség,2
legrand zrt.,2
hotel kitzhof mountain design resort,2
courtyard by marriott vienna prater/messe,2
delta csoport,2
offi zrt.,2
officium irodafejlesztő zrt.,2
hotel klosterbräu,2
leder & schuh kft.,2
hervis sport kft.,2
leier hungária kft.,2
delivery hero hungary kft.,2
hotel madlein,2
kiss és társai kft.,2
falco zrt .,2
nádfedél vendéglátóipari korlátolt felelősségű társaság,2
lear corporation hungary kft.,2
legally gasztro kft.,2
hao yun lai kft.,2
vajda-papír kft.,3
mathias corvinus collegium alapítvány,3
beko engineering kft.,3
van graaf bt.,3
fővárosi vízművek zrt.,3
man at work kft.,3
kronospan-mofa hungary kft.,3
allianz hungária zrt.,3
tyco electronics hungary kft.,3
szatmári kft.,3
turay ida színház kft.,3
teladoc hungary kft.,3
fornetti kft.,3
babka budapest kft.,3
lindner hotel am belvedere wien,3
four seasons hotel,3
kienle + spiess hungary kft.,3
kavosz zrt.,3
angyalok konyhája kft.,3
kincsinfo nonprofit kft.,3
loisium wine & spa hotel südsteiermark,3
takarékinfo zrt.,3
union vienna insurance group b.zrt.,3
assmont steel hungária kft.,3
luminochem kft.,3
alteo nyrt.,3
kangaroo group kft.,3
tian bistro spittelberg,3
alpinhotel jesacherhof,3
magdas,3
auchan retail magyarország,3
szerencsejáték zrt.,3
tinoda property kft.,3
fmc dialízis center kft.,3
magyar energetikai és közmű-szabályozási hivatal,3
bdjk-real estate kft.,3
fcc magyarország kft.,3
tolnagro kft.,3
europ assistance magyarország kft.,3
szigeti kft.,3
duvenbeck immo kft.,3
media markt saturn hold.magyo.kft.,3
ccc hungary shoes kft.,3
hotel lisa,3
o.f.sz. zrt.,3
hotel mathiesn,3
relais & chateaux post lech arlberg,3
denso gyártó magyarország kft.,3
cargo-partner kft.,3
der almblick,3
capture it services kft.,3
göteborgs food budapest zrt.,3
würth szereléstechnika kft.,3
nif zrt.,3
hotel sonne****superior,3
deutsche telekom systems solutions,3
mcdonald's kft.,3
nemzeti kommunikációs hivatal,3
dhl supply chain hungary limited,3
rufusz computer informatika zrt.,3
diatron mi zrt.,3
nagy faloda kft.,3
wavemaker hungary kft.,3
dm kft.,3
c.o.p gmbh,3
budapesti műszaki és gazdaságtudományi egyetem,3
oia global kft.,3
oktatási hivatal,3
pizza hut,3
henkel magyarország operations kft.,3
poro-trade kft.,3
pepco hungary kft.,3
hga biomed kft.,3
premium sport kft.,3
pappas auto magyarország kft,3
pannon lézer-műhely kft.,3
csillagászati és földtudományi kutatóközpont,3
pallér építő és vállalkozó kft.,3
qualysoft informatikai zrt.,3
cityfood magyarország kft.,3
hays hungary kft.,3
zwack unicum nyrt.,3
hotel alpenland,3
danconcept kft.,3
zollner kft,3
ziehl-abegg kft.,3
chinoin zrt. / sanofi aventis,3
prysmian mkm magyar kábel művek kft.,3
orha művek kft.,3
deichmann cipőkereskedelmi kft.,3
ctp management hungary kft.,3
samsung sds global scl hungary kft.,3
hsa kft.,3
eaton,3
mol-lub kenőanyag gyártó forgalmazó és szolgáltató korlátolt felelősségű társaság,3
megakrán nyrt.,3
sirowa hungary kft.,3
e.on dél-dunántúli áramhálózati zrt.,3
infineon technologies cegléd kft.,3
jabil circuit magyarország kft.,3
emberi erőforrás támogatáskezelő,3
vision recruitment kft.,3
doterra europe services kft.,3
bkk zrt.,3
eb hungary invest kft,3
gepida,3
venuss bewusst gmbh,3
vestfrost zrt.,3
vienna marriott hotel,3
edag hungary kft.,3
ssp hungary kft.,3
miell jobline kft.,3
biggeorge property zrt.,3
electrolux lehel,3
imlauer hotel schloss pichlarn,3
mom zrt.,3
elegant design zrt.,3
dr.krém.hu kft.,3
mvm informatika zrt.,3
breffni air ireland,3
jcdecaux hungary zrt.,3
multi alarm zrt.,3
se informatikai igazgatóság,3
ibiden hungary kft.,3
adria-palace ingatlanhasznosító kft.,3
securitas kft.,3
hyginett kft.,3
mvm égáz-dégáz földgázhálózati zrt.,3
brainsum kft.,3
besel & schwaeller kapcsolóberendezések kft.,3
steigenberger hotel herrenhof,3
vois,3
vivea gesundheitshotel umhausen im ötztal,3
grant thornton hungary,3
hübner-h kft.,3
trax retail ltd,4
''kenyeres-biztonságtechnika'' kft,4
kpmg global services hungary kft.,4
flowserve,4
joyson safety systems hungary kft.,4
''háda-1'' kft.,4
hilton garden inn budapest city center,4
transpose hr kft,4
uni smart iskolaszövetkezet,4
intersport,4
adecco kft. (budapest office),4
wellis magyarország zrt.,4
wienerberger zrt.,4
uniqa raiffeisen software service kft.,4
újház informatikai kft.,4
hotel schwarzbrunn,4
hotel schani wien,4
gms gourmet gmbh,4
4ig nyrt.,4
xiii. kerületi közszolgáltató zrt.,4
kingspan kereskedelmi kft.,4
xxxlutz kft.,4
aptiv services hungary,4
international construction company zrt.,4
hotel edelweiss,4
focus consulting kft.,4
alpha-vet kft.,4
g.e.b.e. kft. belföldi- és nemzetközi árufuvarozó kft.,4
kraft fm kft.,4
pillér kft,4
opus titász zrt.,4
mentors & partners kft.,4
magyar állami operaház,4
celanese,4
tchibo budapest kft.,4
eximbank zrt.,4
strabag általános építő kft,4
schneider electric zrt.,4
carnet auto-fort kft.,4
eurothermenresort bad hall gmbh & co kg,4
ceva-phylaxia oltóanyagtermelő zrt. (ceva sante animale),4
baptista tevékeny szeretet misszió,4
nissan sales central & eastern europe kft.,4
new yorker hungary kft.,4
sugo food kft.,4
new land media kft.,4
magyar máltai szeretetszolgálat egyesület,4
nemzeti agrárgazdasági kamara,4
mvm émász áramhálózati kft.,4
naturhotel taleu****,4
müller drogéria magyarország bt.,4
bat pécsi dohánygyár kft.,4
teqball kft.,4
lima design kft.,4
mod-n-more kft.,4
artrea consulting kft.,4
e.on ügyfélszolgálati kft.,4
coloplast hungary kft.,4
partner in pet food hungária kft.,4
pannonjob kft.,4
faulhaber motors hungaria kft.,4
e.on hungária zrt.,4
psp siklóssy & partner kft.,4
citibank europe plc. magyarországi fióktelepe,4
céh zrt.,4
le méridien wien,4
thermenresort warmbad-villach,4
process solutions kft.,4
menzies aviation (hungary) kft.,4
profession.hu kft.,4
esab - colfax,5
samsung engineering magyarország kft.,5
bkv zrt.,5
ge corporate / ge global finance operations / mmm,5
gentherm hungary kft.,5
sberbank magyarország zrt.,5
intretech hungary kft,5
icon hospitality group,5
stx horseboxes kft.,5
transcom hungary kft.,5
merkbau zrt.,5
morgan stanley magyarország elemző kft.,5
generali biztosító zrt.,5
budapest airport zrt.,5
elgoscar-2000 kft.,5
indotek group,5
mediso kft.,5
samsung electronics magyar zrt,5
whc holding kft.,5
cee thematics kft.,5
computacenter services kft.,5
''elastic'' kft.,5
peek & cloppenburg,5
audi hungaria zrt.,5
falkensteiner schlosshotel velden,5
kocsiguru kft.,5
hotel astrid,5
danubius zrt.,5
lidl magyarország bt.,5
lightware visual engineering,5
alpenhaus hotels & resorts,5
balaton bútor kft.,5
geodis hungary logistics kft.,5
syngenta,5
hotel kröller,5
nova human resources kft.,5
ecofamily,5
ce glass zrt.,6
petite geneve petrovic kft,6
acps automotive kft.,6
waberer's-szemerey logisztika kft,6
howmet-köfém kft.(székesfehérvár),6
schaeffler savaria ltd.,6
budapest főváros kormányhivatala,6
mtb magyar takarékszövetkezeti bank zrt.,6
dana hungary gyártó kft.,6
deutsche telekom it & telecommunications hungary,6
decathlon,6
delivery hero hungary kft,6
msk hungary bt,6
cloud network technology kft.,6
griffsoft zrt.,6
bombardier transportation kft.,6
becton dickinson hungary kft.,6
medicover egészségközpont zrt.,6
finance sales hungary kft.,6
mediaworks hungary zrt.,6
fox & wolf hr solutions kft.,6
magyar közút nonprofit zrt.,6
lechner nonprofit kft.,6
várkapitányság nonprofit zrt.,7
erste bank hungary zrt.,7
valeo auto-electric magyarország kft.,7
kész consulting kft.,7
xvi. kerület kertvárosi egészségügyi szolgálata,7
howden hungary kft.,7
biotech usa kft.,7
deloitte zrt.,7
procter&gamble/hyginett kft.,7
cognizant technology solutions hungary kft.,7
work force kft.,7
émi nonprofit kft.,7
waberer's international nyrt.,8
k&h bank zrt. (ict),8
das lebenberg schlosshotel kitzbühel,8
magyar turisztikai ügynökség zrt.,8
penny market kft.,8
mol magyar olaj- és gázipari nyilvánosan működő részvénytársaság,8
delego személyzeti szolgáltató kft.,8
raiffeisen bank zrt.,8
adecco kft.,8
nestlé hungária kft.,8
bp – global business services europe,8
budapest bank,8
extreme digital-emag kft.,8
bt roc kft.,8
hovány csoport,8
albemarle magyarország kft.,9
dreher sörgyárak zrt.,9
vodafone magyarország zrt.,9
normbenz magyarország kft.,9
mkb bank nyrt.,9
e.on észak-dunántúli áramhálózati zrt.,9
károli gáspár református egyetem,9
kpmg hungária kft.,9
melis investment kft.,9
jysk kft.,10
avis budget group bsc kft.,10
"hotel imperial vienna, a luxury collection hotel",10
metro kereskedelmi kft.,10
entners am see,10
jaguar land rover limited,11
valeo-siemens eautomotive hungary kft.,11
ford közép- és kelet-európai értékesítő kft.,11
misz műegyetemi iskolaszövetkezet,11
obi hungary retail kft.,11
unicredit bank zrt.,11
karrier hungária kft.,12
otp ingatlanpont kft.,12
harman becker kft.,12
enloyd kft.,12
elmű hálózati elosztó korlátolt felelősségű társaság,13
euronics – vöröskő kft.,13
tesco-bst,13
zf hungária kft.,13
festo-am kft.,13
tata consultancy services hungary,13
reed specialist recruitment,13
eurest kft.,13
thyssenkrupp components technology hungary kft.,14
amrest,14
kpmg tanácsadó kft.,14
semilab zrt.,14
avl hungary kft.,15
flextronics international kft.,15
menton jobs kft.,15
alpine palace new balance luxus resort,16
cib bank zrt.,16
ikea lakberendezési kft.,17
profession services,17
whc diák iskolaszövetkezet,18
pannondiák iskolaszövetkezet,18
rossmann magyarország kft.,18
bárdi autó zrt.,18
telenor magyarország zrt.,18
worklife,20
aimotive kft.,20
knorr-bremse hungária kft.,20
kite zrt.,21
otp bank nyrt.,23
mybridge korlátolt felelősségű társaság,24
samsung sdi magyarország zrt.,24
richter gedeon nyrt.,24
spar magyarország kft.,28
műisz szolgáltató iskolaszövetkezet,28
recruit kft.,28
aldi magyarország élelmiszer bt.,29
humanfield vezető- és specialistakiválasztó kft.,30
evosoft hungary kft.,30
manpower munkaerő-szervezési kft.,32
_vois,32
impc personnel hungária kft.,33
deutsche telekom systems solutions hungary korlátolt felelősségű társaság,36
unix autó kft.,36
beck and partners kft.,36
k&h bank zrt.,36
"tesco global áruházak zrt,",43
bosch group,48
tech people hungary kft.,50
prohumán 2004 kft.,54
magyar posta zrt.,60
trenkwalder kft.,73
mind-diák szövetkezet,77
mads - márton áron iskolaszövetkezet,105
randstad hungary kft.,126
grafton recruitment,153
